Accession code , Link , Experiment Type , Platform , Organism 
GSE243588 , https://www.ncbi.nlm.nih.gov/geo/query/acc.cgi?acc=GSE243588 , Expression profiling by high throughput sequencing , GPL11154 , Homo sapiens
GSE243280 , https://www.ncbi.nlm.nih.gov/geo/query/acc.cgi?acc=GSE243280 , Two or more types , GPL24676 , Homo sapiens
GSE243275 , https://www.ncbi.nlm.nih.gov/geo/query/acc.cgi?acc=GSE243275 , Two or more types , GPL24676 , Homo sapiens
GSE232899 , https://www.ncbi.nlm.nih.gov/geo/query/acc.cgi?acc=GSE232899 , Expression profiling by high throughput sequencing , GPL24676 , Homo sapiens
GSE226798 , https://www.ncbi.nlm.nih.gov/geo/query/acc.cgi?acc=GSE226798 , Expression profiling by high throughput sequencing , GPL24676 , Homo sapiens
GSE221164 , https://www.ncbi.nlm.nih.gov/geo/query/acc.cgi?acc=GSE221164 , Expression profiling by high throughput sequencing , GPL30172 , Mus musculus
GSE214496 , https://www.ncbi.nlm.nih.gov/geo/query/acc.cgi?acc=GSE214496 , Two or more types , GPL21103 , Mus musculus
GSE214460 , https://www.ncbi.nlm.nih.gov/geo/query/acc.cgi?acc=GSE214460 , Expression profiling by high throughput sequencing , GPL24247 , Mus musculus
GSE213413 , https://www.ncbi.nlm.nih.gov/geo/query/acc.cgi?acc=GSE213413 , Expression profiling by high throughput sequencing , GPL24247 , Mus musculus
GSE202899 , https://www.ncbi.nlm.nih.gov/geo/query/acc.cgi?acc=GSE202899 , Two or more types , </div , Two or more organisms
GSE244558 , https://www.ncbi.nlm.nih.gov/geo/query/acc.cgi?acc=GSE244558 , Expression profiling by high throughput sequencing , GPL30215 , Mus musculus
GSE244537 , https://www.ncbi.nlm.nih.gov/geo/query/acc.cgi?acc=GSE244537 , Two or more types , GPL24676 , Homo sapiens
GSE244533 , https://www.ncbi.nlm.nih.gov/geo/query/acc.cgi?acc=GSE244533 , Expression profiling by high throughput sequencing , GPL24676 , Homo sapiens
GSE229571 , https://www.ncbi.nlm.nih.gov/geo/query/acc.cgi?acc=GSE229571 , Expression profiling by high throughput sequencing , GPL24676 , Homo sapiens
GSE215104 , https://www.ncbi.nlm.nih.gov/geo/query/acc.cgi?acc=GSE215104 , Expression profiling by high throughput sequencing , GPL18573 , Homo sapiens
GSE210793 , https://www.ncbi.nlm.nih.gov/geo/query/acc.cgi?acc=GSE210793 , Two or more types , GPL24247 , Two or more organisms
GSE210792 , https://www.ncbi.nlm.nih.gov/geo/query/acc.cgi?acc=GSE210792 , Two or more types , GPL24676 , Homo sapiens
GSE210787 , https://www.ncbi.nlm.nih.gov/geo/query/acc.cgi?acc=GSE210787 , Two or more types , GPL24676 , Homo sapiens
GSE202048 , https://www.ncbi.nlm.nih.gov/geo/query/acc.cgi?acc=GSE202048 , Expression profiling by high throughput sequencing , GPL24676 , Homo sapiens
GSE159285 , https://www.ncbi.nlm.nih.gov/geo/query/acc.cgi?acc=GSE159285 , Expression profiling by high throughput sequencing , GPL18573 , Homo sapiens
GSE159284 , https://www.ncbi.nlm.nih.gov/geo/query/acc.cgi?acc=GSE159284 , Expression profiling by high throughput sequencing , GPL18573 , Homo sapiens
GSE159282 , https://www.ncbi.nlm.nih.gov/geo/query/acc.cgi?acc=GSE159282 , Expression profiling by high throughput sequencing , GPL24676 , Homo sapiens
GSE244514 , https://www.ncbi.nlm.nih.gov/geo/query/acc.cgi?acc=GSE244514 , Expression profiling by high throughput sequencing , GPL24676 , Homo sapiens
GSE215067 , https://www.ncbi.nlm.nih.gov/geo/query/acc.cgi?acc=GSE215067 , Expression profiling by high throughput sequencing , GPL16791 , Homo sapiens
GSE213416 , https://www.ncbi.nlm.nih.gov/geo/query/acc.cgi?acc=GSE213416 , Two or more types , GPL24247 , Mus musculus
GSE191110 , https://www.ncbi.nlm.nih.gov/geo/query/acc.cgi?acc=GSE191110 , Expression profiling by high throughput sequencing , GPL24676 , Homo sapiens
GSE240364 , https://www.ncbi.nlm.nih.gov/geo/query/acc.cgi?acc=GSE240364 , Expression profiling by high throughput sequencing , GPL21290 , Homo sapiens
GSE239706 , https://www.ncbi.nlm.nih.gov/geo/query/acc.cgi?acc=GSE239706 , Expression profiling by high throughput sequencing , GPL21273 , Mus musculus
GSE235594 , https://www.ncbi.nlm.nih.gov/geo/query/acc.cgi?acc=GSE235594 , Expression profiling by high throughput sequencing , GPL24247 , Mus musculus
GSE235238 , https://www.ncbi.nlm.nih.gov/geo/query/acc.cgi?acc=GSE235238 , Two or more types , GPL18573 , Homo sapiens
GSE235235 , https://www.ncbi.nlm.nih.gov/geo/query/acc.cgi?acc=GSE235235 , Expression profiling by high throughput sequencing , GPL21290 , Homo sapiens
GSE234020 , https://www.ncbi.nlm.nih.gov/geo/query/acc.cgi?acc=GSE234020 , Expression profiling by high throughput sequencing , GPL24676 , Homo sapiens
GSE227699 , https://www.ncbi.nlm.nih.gov/geo/query/acc.cgi?acc=GSE227699 , Expression profiling by high throughput sequencing , GPL9185 , Mus musculus
GSE214493 , https://www.ncbi.nlm.nih.gov/geo/query/acc.cgi?acc=GSE214493 , Expression profiling by high throughput sequencing , GPL24676 , Homo sapiens
GSE214492 , https://www.ncbi.nlm.nih.gov/geo/query/acc.cgi?acc=GSE214492 , Expression profiling by high throughput sequencing , GPL24676 , Homo sapiens
GSE202692 , https://www.ncbi.nlm.nih.gov/geo/query/acc.cgi?acc=GSE202692 , Expression profiling by high throughput sequencing , GPL19057 , Mus musculus
GSE202689 , https://www.ncbi.nlm.nih.gov/geo/query/acc.cgi?acc=GSE202689 , Expression profiling by high throughput sequencing , GPL19057 , Mus musculus
GSE159232 , https://www.ncbi.nlm.nih.gov/geo/query/acc.cgi?acc=GSE159232 , Two or more types , GPL18573 , Homo sapiens
GSE146757 , https://www.ncbi.nlm.nih.gov/geo/query/acc.cgi?acc=GSE146757 , Expression profiling by array , GPL21827 , Homo sapiens
GSE242525 , https://www.ncbi.nlm.nih.gov/geo/query/acc.cgi?acc=GSE242525 , Expression profiling by high throughput sequencing , GPL21103 , Mus musculus
GSE226804 , https://www.ncbi.nlm.nih.gov/geo/query/acc.cgi?acc=GSE226804 , Expression profiling by high throughput sequencing , GPL24676 , Homo sapiens
GSE225762 , https://www.ncbi.nlm.nih.gov/geo/query/acc.cgi?acc=GSE225762 , Expression profiling by high throughput sequencing , GPL24676 , Homo sapiens
GSE224890 , https://www.ncbi.nlm.nih.gov/geo/query/acc.cgi?acc=GSE224890 , Two or more types , GPL24676 , Homo sapiens
GSE223630 , https://www.ncbi.nlm.nih.gov/geo/query/acc.cgi?acc=GSE223630 , Expression profiling by high throughput sequencing , GPL19057 , Mus musculus
GSE208774 , https://www.ncbi.nlm.nih.gov/geo/query/acc.cgi?acc=GSE208774 , Expression profiling by high throughput sequencing , GPL24676 , Homo sapiens
GSE206795 , https://www.ncbi.nlm.nih.gov/geo/query/acc.cgi?acc=GSE206795 , Expression profiling by high throughput sequencing , GPL19057 , Mus musculus
GSE206794 , https://www.ncbi.nlm.nih.gov/geo/query/acc.cgi?acc=GSE206794 , Expression profiling by high throughput sequencing , GPL19057 , Mus musculus
GSE197942 , https://www.ncbi.nlm.nih.gov/geo/query/acc.cgi?acc=GSE197942 , Expression profiling by high throughput sequencing , GPL24247 , Mus musculus
GSE183374 , https://www.ncbi.nlm.nih.gov/geo/query/acc.cgi?acc=GSE183374 , Expression profiling by high throughput sequencing , GPL11154 , Homo sapiens
GSE244283 , https://www.ncbi.nlm.nih.gov/geo/query/acc.cgi?acc=GSE244283 , Expression profiling by high throughput sequencing , GPL24676 , Homo sapiens
GSE244282 , https://www.ncbi.nlm.nih.gov/geo/query/acc.cgi?acc=GSE244282 , Expression profiling by high throughput sequencing , GPL30173 , Homo sapiens
GSE244272 , https://www.ncbi.nlm.nih.gov/geo/query/acc.cgi?acc=GSE244272 , Expression profiling by high throughput sequencing , GPL24676 , Homo sapiens
GSE244271 , https://www.ncbi.nlm.nih.gov/geo/query/acc.cgi?acc=GSE244271 , Expression profiling by high throughput sequencing , GPL24676 , Homo sapiens
GSE244074 , https://www.ncbi.nlm.nih.gov/geo/query/acc.cgi?acc=GSE244074 , Expression profiling by high throughput sequencing , GPL24676 , Homo sapiens
GSE244031 , https://www.ncbi.nlm.nih.gov/geo/query/acc.cgi?acc=GSE244031 , Expression profiling by high throughput sequencing , GPL20301 , Homo sapiens
GSE242917 , https://www.ncbi.nlm.nih.gov/geo/query/acc.cgi?acc=GSE242917 , Expression profiling by high throughput sequencing , GPL18573 , Homo sapiens
GSE242916 , https://www.ncbi.nlm.nih.gov/geo/query/acc.cgi?acc=GSE242916 , Expression profiling by high throughput sequencing , GPL18573 , Homo sapiens
GSE242915 , https://www.ncbi.nlm.nih.gov/geo/query/acc.cgi?acc=GSE242915 , Expression profiling by high throughput sequencing , GPL24676 , Homo sapiens
GSE241477 , https://www.ncbi.nlm.nih.gov/geo/query/acc.cgi?acc=GSE241477 , Two or more types , GPL24247 , Two or more organisms
GSE241474 , https://www.ncbi.nlm.nih.gov/geo/query/acc.cgi?acc=GSE241474 , Expression profiling by high throughput sequencing , GPL24247 , Two or more organisms
GSE236606 , https://www.ncbi.nlm.nih.gov/geo/query/acc.cgi?acc=GSE236606 , Expression profiling by high throughput sequencing , GPL24014 , Homo sapiens
GSE236552 , https://www.ncbi.nlm.nih.gov/geo/query/acc.cgi?acc=GSE236552 , Expression profiling by high throughput sequencing , GPL24014 , Homo sapiens
GSE236207 , https://www.ncbi.nlm.nih.gov/geo/query/acc.cgi?acc=GSE236207 , Expression profiling by array , GPL22740 , Rattus norvegicus
GSE232766 , https://www.ncbi.nlm.nih.gov/geo/query/acc.cgi?acc=GSE232766 , Two or more types , GPL24676 , Homo sapiens
GSE232148 , https://www.ncbi.nlm.nih.gov/geo/query/acc.cgi?acc=GSE232148 , Expression profiling by array , GPL570 , Homo sapiens
GSE230646 , https://www.ncbi.nlm.nih.gov/geo/query/acc.cgi?acc=GSE230646 , Expression profiling by high throughput sequencing , GPL24676 , Homo sapiens
GSE224691 , https://www.ncbi.nlm.nih.gov/geo/query/acc.cgi?acc=GSE224691 , Expression profiling by high throughput sequencing , GPL24676 , Homo sapiens
GSE222963 , https://www.ncbi.nlm.nih.gov/geo/query/acc.cgi?acc=GSE222963 , Expression profiling by high throughput sequencing , GPL23227 , Homo sapiens
GSE222962 , https://www.ncbi.nlm.nih.gov/geo/query/acc.cgi?acc=GSE222962 , Expression profiling by high throughput sequencing , GPL23227 , Homo sapiens
GSE222960 , https://www.ncbi.nlm.nih.gov/geo/query/acc.cgi?acc=GSE222960 , Expression profiling by high throughput sequencing , GPL23227 , Homo sapiens
GSE219049 , https://www.ncbi.nlm.nih.gov/geo/query/acc.cgi?acc=GSE219049 , Expression profiling by high throughput sequencing , GPL24247 , Mus musculus
GSE217881 , https://www.ncbi.nlm.nih.gov/geo/query/acc.cgi?acc=GSE217881 , Two or more types , GPL24676 , Homo sapiens
GSE212979 , https://www.ncbi.nlm.nih.gov/geo/query/acc.cgi?acc=GSE212979 , Two or more types , GPL18573 , Homo sapiens
GSE212976 , https://www.ncbi.nlm.nih.gov/geo/query/acc.cgi?acc=GSE212976 , Expression profiling by high throughput sequencing , GPL18573 , Homo sapiens
GSE199257 , https://www.ncbi.nlm.nih.gov/geo/query/acc.cgi?acc=GSE199257 , Expression profiling by high throughput sequencing , GPL20301 , Homo sapiens
GSE189309 , https://www.ncbi.nlm.nih.gov/geo/query/acc.cgi?acc=GSE189309 , Expression profiling by high throughput sequencing , GPL24676 , Homo sapiens
GSE186392 , https://www.ncbi.nlm.nih.gov/geo/query/acc.cgi?acc=GSE186392 , Expression profiling by high throughput sequencing , GPL16791 , Homo sapiens
GSE186319 , https://www.ncbi.nlm.nih.gov/geo/query/acc.cgi?acc=GSE186319 , Expression profiling by high throughput sequencing , GPL17021 , Mus musculus
GSE172240 , https://www.ncbi.nlm.nih.gov/geo/query/acc.cgi?acc=GSE172240 , Two or more types , GPL24676 , Homo sapiens
GSE172238 , https://www.ncbi.nlm.nih.gov/geo/query/acc.cgi?acc=GSE172238 , Expression profiling by high throughput sequencing , GPL24676 , Homo sapiens
GSE109505 , https://www.ncbi.nlm.nih.gov/geo/query/acc.cgi?acc=GSE109505 , Expression profiling by array , GPL24532 , Homo sapiens
GSE244580 , https://www.ncbi.nlm.nih.gov/geo/query/acc.cgi?acc=GSE244580 , Expression profiling by array , GPL16686 , Homo sapiens
GSE230522 , https://www.ncbi.nlm.nih.gov/geo/query/acc.cgi?acc=GSE230522 , Expression profiling by high throughput sequencing , GPL18573 , Homo sapiens
GSE230135 , https://www.ncbi.nlm.nih.gov/geo/query/acc.cgi?acc=GSE230135 , Expression profiling by high throughput sequencing , GPL19057 , Mus musculus
GSE230131 , https://www.ncbi.nlm.nih.gov/geo/query/acc.cgi?acc=GSE230131 , Expression profiling by high throughput sequencing , GPL19057 , Mus musculus
GSE230099 , https://www.ncbi.nlm.nih.gov/geo/query/acc.cgi?acc=GSE230099 , Expression profiling by high throughput sequencing , GPL21103 , Mus musculus
GSE224412 , https://www.ncbi.nlm.nih.gov/geo/query/acc.cgi?acc=GSE224412 , Expression profiling by high throughput sequencing , GPL16791 , Homo sapiens
GSE218446 , https://www.ncbi.nlm.nih.gov/geo/query/acc.cgi?acc=GSE218446 , Expression profiling by high throughput sequencing , GPL30173 , Homo sapiens
GSE214910 , https://www.ncbi.nlm.nih.gov/geo/query/acc.cgi?acc=GSE214910 , Expression profiling by array , GPL21282 , Homo sapiens
GSE189756 , https://www.ncbi.nlm.nih.gov/geo/query/acc.cgi?acc=GSE189756 , Expression profiling by high throughput sequencing , GPL21103 , Mus musculus
GSE182370 , https://www.ncbi.nlm.nih.gov/geo/query/acc.cgi?acc=GSE182370 , Expression profiling by high throughput sequencing , GPL16791 , Homo sapiens
GSE164271 , https://www.ncbi.nlm.nih.gov/geo/query/acc.cgi?acc=GSE164271 , Expression profiling by high throughput sequencing , GPL24247 , Mus musculus
GSE159051 , https://www.ncbi.nlm.nih.gov/geo/query/acc.cgi?acc=GSE159051 , Expression profiling by high throughput sequencing , GPL21697 , Homo sapiens
GSE128590 , https://www.ncbi.nlm.nih.gov/geo/query/acc.cgi?acc=GSE128590 , Two or more types , GPL16791 , Homo sapiens
GSE244288 , https://www.ncbi.nlm.nih.gov/geo/query/acc.cgi?acc=GSE244288 , Expression profiling by array , GPL10558 , Homo sapiens
GSE244280 , https://www.ncbi.nlm.nih.gov/geo/query/acc.cgi?acc=GSE244280 , Expression profiling by high throughput sequencing , GPL24247 , Mus musculus
GSE244158 , https://www.ncbi.nlm.nih.gov/geo/query/acc.cgi?acc=GSE244158 , Expression profiling by array , GPL28689 , Mus musculus
GSE243751 , https://www.ncbi.nlm.nih.gov/geo/query/acc.cgi?acc=GSE243751 , Expression profiling by array , GPL31236 , Homo sapiens
GSE238240 , https://www.ncbi.nlm.nih.gov/geo/query/acc.cgi?acc=GSE238240 , Expression profiling by high throughput sequencing , GPL18413 , Danio rerio
GSE232855 , https://www.ncbi.nlm.nih.gov/geo/query/acc.cgi?acc=GSE232855 , Expression profiling by high throughput sequencing , GPL24247 , Mus musculus
GSE231915 , https://www.ncbi.nlm.nih.gov/geo/query/acc.cgi?acc=GSE231915 , Expression profiling by high throughput sequencing , GPL19057 , Mus musculus
GSE226991 , https://www.ncbi.nlm.nih.gov/geo/query/acc.cgi?acc=GSE226991 , Expression profiling by high throughput sequencing , GPL30172 , Mus musculus
GSE226634 , https://www.ncbi.nlm.nih.gov/geo/query/acc.cgi?acc=GSE226634 , Expression profiling by high throughput sequencing , GPL17021 , Mus musculus
GSE223408 , https://www.ncbi.nlm.nih.gov/geo/query/acc.cgi?acc=GSE223408 , Expression profiling by array , GPL13912 , Mus musculus
GSE223407 , https://www.ncbi.nlm.nih.gov/geo/query/acc.cgi?acc=GSE223407 , Expression profiling by array , GPL16699 , Homo sapiens
GSE222799 , https://www.ncbi.nlm.nih.gov/geo/query/acc.cgi?acc=GSE222799 , Two or more types , GPL16791 , Homo sapiens
GSE222728 , https://www.ncbi.nlm.nih.gov/geo/query/acc.cgi?acc=GSE222728 , Expression profiling by high throughput sequencing , GPL24676 , Homo sapiens
GSE221202 , https://www.ncbi.nlm.nih.gov/geo/query/acc.cgi?acc=GSE221202 , Two or more types , GPL13112 , Mus musculus
GSE221200 , https://www.ncbi.nlm.nih.gov/geo/query/acc.cgi?acc=GSE221200 , Expression profiling by high throughput sequencing , GPL24247 , Mus musculus
GSE221196 , https://www.ncbi.nlm.nih.gov/geo/query/acc.cgi?acc=GSE221196 , Expression profiling by high throughput sequencing , GPL13112 , Mus musculus
GSE214487 , https://www.ncbi.nlm.nih.gov/geo/query/acc.cgi?acc=GSE214487 , Expression profiling by high throughput sequencing , GPL11154 , Homo sapiens
GSE214480 , https://www.ncbi.nlm.nih.gov/geo/query/acc.cgi?acc=GSE214480 , Expression profiling by high throughput sequencing , GPL20795 , Homo sapiens
GSE212049 , https://www.ncbi.nlm.nih.gov/geo/query/acc.cgi?acc=GSE212049 , Expression profiling by high throughput sequencing , GPL24676 , Homo sapiens
GSE210202 , https://www.ncbi.nlm.nih.gov/geo/query/acc.cgi?acc=GSE210202 , Expression profiling by high throughput sequencing , GPL9052 , Homo sapiens
GSE172025 , https://www.ncbi.nlm.nih.gov/geo/query/acc.cgi?acc=GSE172025 , Expression profiling by high throughput sequencing , GPL20301 , Homo sapiens
GSE172022 , https://www.ncbi.nlm.nih.gov/geo/query/acc.cgi?acc=GSE172022 , Expression profiling by high throughput sequencing , GPL24676 , Homo sapiens
GSE243320 , https://www.ncbi.nlm.nih.gov/geo/query/acc.cgi?acc=GSE243320 , Expression profiling by array , GPL13497 , Homo sapiens
GSE241268 , https://www.ncbi.nlm.nih.gov/geo/query/acc.cgi?acc=GSE241268 , Expression profiling by high throughput sequencing , GPL24247 , Mus musculus
GSE240201 , https://www.ncbi.nlm.nih.gov/geo/query/acc.cgi?acc=GSE240201 , Expression profiling by high throughput sequencing , GPL24247 , Mus musculus
GSE240104 , https://www.ncbi.nlm.nih.gov/geo/query/acc.cgi?acc=GSE240104 , Expression profiling by high throughput sequencing , GPL18573 , Two or more organisms
GSE240103 , https://www.ncbi.nlm.nih.gov/geo/query/acc.cgi?acc=GSE240103 , Expression profiling by high throughput sequencing , GPL18573 , Homo sapiens
GSE240101 , https://www.ncbi.nlm.nih.gov/geo/query/acc.cgi?acc=GSE240101 , Expression profiling by high throughput sequencing , GPL19415 , Two or more organisms
GSE240033 , https://www.ncbi.nlm.nih.gov/geo/query/acc.cgi?acc=GSE240033 , Expression profiling by high throughput sequencing , GPL33645 , Canis lupus
GSE238175 , https://www.ncbi.nlm.nih.gov/geo/query/acc.cgi?acc=GSE238175 , Expression profiling by high throughput sequencing , GPL14875 , Danio rerio
GSE237214 , https://www.ncbi.nlm.nih.gov/geo/query/acc.cgi?acc=GSE237214 , Expression profiling by high throughput sequencing , GPL24995 , Danio rerio
GSE237213 , https://www.ncbi.nlm.nih.gov/geo/query/acc.cgi?acc=GSE237213 , Expression profiling by high throughput sequencing , GPL33302 , Tupaia chinensis
GSE237212 , https://www.ncbi.nlm.nih.gov/geo/query/acc.cgi?acc=GSE237212 , Expression profiling by high throughput sequencing , GPL30340 , Ictidomys tridecemlineatus
GSE237211 , https://www.ncbi.nlm.nih.gov/geo/query/acc.cgi?acc=GSE237211 , Expression profiling by high throughput sequencing , GPL27721 , Ovis aries
GSE237210 , https://www.ncbi.nlm.nih.gov/geo/query/acc.cgi?acc=GSE237210 , Expression profiling by high throughput sequencing , GPL33579 , Rhabdomys pumilio
GSE237209 , https://www.ncbi.nlm.nih.gov/geo/query/acc.cgi?acc=GSE237209 , Expression profiling by high throughput sequencing , GPL29562 , scrofa domesticus
GSE237208 , https://www.ncbi.nlm.nih.gov/geo/query/acc.cgi?acc=GSE237208 , Expression profiling by high throughput sequencing , GPL33578 , Peromyscus maniculatus
GSE237207 , https://www.ncbi.nlm.nih.gov/geo/query/acc.cgi?acc=GSE237207 , Expression profiling by high throughput sequencing , GPL33577 , Didelphis marsupialis
GSE237206 , https://www.ncbi.nlm.nih.gov/geo/query/acc.cgi?acc=GSE237206 , Expression profiling by high throughput sequencing , GPL28240 , Callithrix jacchus
GSE237205 , https://www.ncbi.nlm.nih.gov/geo/query/acc.cgi?acc=GSE237205 , Expression profiling by high throughput sequencing , GPL33576 , Anolis sagrei
GSE237204 , https://www.ncbi.nlm.nih.gov/geo/query/acc.cgi?acc=GSE237204 , Expression profiling by high throughput sequencing , GPL24676 , Homo sapiens
GSE237203 , https://www.ncbi.nlm.nih.gov/geo/query/acc.cgi?acc=GSE237203 , Expression profiling by high throughput sequencing , GPL28629 , putorius furo
GSE237202 , https://www.ncbi.nlm.nih.gov/geo/query/acc.cgi?acc=GSE237202 , Expression profiling by high throughput sequencing , GPL26012 , Bos taurus
GSE237004 , https://www.ncbi.nlm.nih.gov/geo/query/acc.cgi?acc=GSE237004 , Expression profiling by high throughput sequencing , GPL21626 , Two or more organisms
GSE236952 , https://www.ncbi.nlm.nih.gov/geo/query/acc.cgi?acc=GSE236952 , Expression profiling by high throughput sequencing , GPL21626 , Mus musculus
GSE236950 , https://www.ncbi.nlm.nih.gov/geo/query/acc.cgi?acc=GSE236950 , Expression profiling by high throughput sequencing , GPL21626 , Mus musculus
GSE236949 , https://www.ncbi.nlm.nih.gov/geo/query/acc.cgi?acc=GSE236949 , Expression profiling by high throughput sequencing , GPL21626 , Mus musculus
GSE236918 , https://www.ncbi.nlm.nih.gov/geo/query/acc.cgi?acc=GSE236918 , Expression profiling by high throughput sequencing , GPL21626 , Mus musculus
GSE236917 , https://www.ncbi.nlm.nih.gov/geo/query/acc.cgi?acc=GSE236917 , Expression profiling by high throughput sequencing , GPL24676 , Homo sapiens
GSE236281 , https://www.ncbi.nlm.nih.gov/geo/query/acc.cgi?acc=GSE236281 , Expression profiling by high throughput sequencing , GPL15520 , Homo sapiens
GSE232331 , https://www.ncbi.nlm.nih.gov/geo/query/acc.cgi?acc=GSE232331 , Expression profiling by high throughput sequencing , GPL18573 , Homo sapiens
GSE228637 , https://www.ncbi.nlm.nih.gov/geo/query/acc.cgi?acc=GSE228637 , Expression profiling by array , GPL17586 , Homo sapiens
GSE227114 , https://www.ncbi.nlm.nih.gov/geo/query/acc.cgi?acc=GSE227114 , Expression profiling by array , GPL13497 , Homo sapiens
GSE223409 , https://www.ncbi.nlm.nih.gov/geo/query/acc.cgi?acc=GSE223409 , Two or more types , </div , Two or more organisms
GSE222800 , https://www.ncbi.nlm.nih.gov/geo/query/acc.cgi?acc=GSE222800 , Two or more types , GPL19057 , Mus musculus
GSE216609 , https://www.ncbi.nlm.nih.gov/geo/query/acc.cgi?acc=GSE216609 , Expression profiling by high throughput sequencing , GPL21290 , Homo sapiens
GSE214730 , https://www.ncbi.nlm.nih.gov/geo/query/acc.cgi?acc=GSE214730 , Two or more types , Not found , Two or more organisms
GSE209961 , https://www.ncbi.nlm.nih.gov/geo/query/acc.cgi?acc=GSE209961 , Two or more types , GPL18573 , Homo sapiens
GSE209953 , https://www.ncbi.nlm.nih.gov/geo/query/acc.cgi?acc=GSE209953 , Expression profiling by high throughput sequencing , GPL18573 , Homo sapiens
GSE207304 , https://www.ncbi.nlm.nih.gov/geo/query/acc.cgi?acc=GSE207304 , Two or more types , GPL26963 , Homo sapiens
GSE205175 , https://www.ncbi.nlm.nih.gov/geo/query/acc.cgi?acc=GSE205175 , Expression profiling by high throughput sequencing , GPL24198 , Mus musculus
GSE202036 , https://www.ncbi.nlm.nih.gov/geo/query/acc.cgi?acc=GSE202036 , Expression profiling by high throughput sequencing , GPL11154 , Homo sapiens
GSE201398 , https://www.ncbi.nlm.nih.gov/geo/query/acc.cgi?acc=GSE201398 , Expression profiling by high throughput sequencing , GPL18573 , Homo sapiens
GSE201122 , https://www.ncbi.nlm.nih.gov/geo/query/acc.cgi?acc=GSE201122 , Expression profiling by high throughput sequencing , GPL11154 , Homo sapiens
GSE200406 , https://www.ncbi.nlm.nih.gov/geo/query/acc.cgi?acc=GSE200406 , Expression profiling by high throughput sequencing , GPL24247 , Mus musculus
GSE199585 , https://www.ncbi.nlm.nih.gov/geo/query/acc.cgi?acc=GSE199585 , Expression profiling by high throughput sequencing , GPL24247 , Mus musculus
GSE185872 , https://www.ncbi.nlm.nih.gov/geo/query/acc.cgi?acc=GSE185872 , Expression profiling by high throughput sequencing , GPL23227 , Homo sapiens
GSE185299 , https://www.ncbi.nlm.nih.gov/geo/query/acc.cgi?acc=GSE185299 , Expression profiling by high throughput sequencing , GPL16791 , Homo sapiens
GSE185295 , https://www.ncbi.nlm.nih.gov/geo/query/acc.cgi?acc=GSE185295 , Expression profiling by high throughput sequencing , GPL16791 , Homo sapiens
GSE185250 , https://www.ncbi.nlm.nih.gov/geo/query/acc.cgi?acc=GSE185250 , Two or more types , GPL20301 , Homo sapiens
GSE185249 , https://www.ncbi.nlm.nih.gov/geo/query/acc.cgi?acc=GSE185249 , Expression profiling by high throughput sequencing , GPL20301 , Homo sapiens
GSE184643 , https://www.ncbi.nlm.nih.gov/geo/query/acc.cgi?acc=GSE184643 , Expression profiling by high throughput sequencing , GPL24676 , Homo sapiens
GSE181337 , https://www.ncbi.nlm.nih.gov/geo/query/acc.cgi?acc=GSE181337 , Expression profiling by high throughput sequencing , GPL24676 , Homo sapiens
GSE179526 , https://www.ncbi.nlm.nih.gov/geo/query/acc.cgi?acc=GSE179526 , Expression profiling by high throughput sequencing , GPL17021 , Mus musculus
GSE160573 , https://www.ncbi.nlm.nih.gov/geo/query/acc.cgi?acc=GSE160573 , Expression profiling by high throughput sequencing , GPL25947 , Rattus norvegicus
GSE160551 , https://www.ncbi.nlm.nih.gov/geo/query/acc.cgi?acc=GSE160551 , Expression profiling by array , GPL16686 , Homo sapiens
GSE244156 , https://www.ncbi.nlm.nih.gov/geo/query/acc.cgi?acc=GSE244156 , Expression profiling by high throughput sequencing , GPL24247 , Mus musculus
GSE244097 , https://www.ncbi.nlm.nih.gov/geo/query/acc.cgi?acc=GSE244097 , Expression profiling by high throughput sequencing , GPL16791 , Homo sapiens
GSE243964 , https://www.ncbi.nlm.nih.gov/geo/query/acc.cgi?acc=GSE243964 , Expression profiling by high throughput sequencing , GPL24247 , Mus musculus
GSE243620 , https://www.ncbi.nlm.nih.gov/geo/query/acc.cgi?acc=GSE243620 , Expression profiling by high throughput sequencing , GPL16791 , Homo sapiens
GSE243491 , https://www.ncbi.nlm.nih.gov/geo/query/acc.cgi?acc=GSE243491 , Expression profiling by high throughput sequencing , GPL19057 , Mus musculus
GSE241645 , https://www.ncbi.nlm.nih.gov/geo/query/acc.cgi?acc=GSE241645 , Expression profiling by high throughput sequencing , GPL24676 , Homo sapiens
GSE240336 , https://www.ncbi.nlm.nih.gov/geo/query/acc.cgi?acc=GSE240336 , Expression profiling by high throughput sequencing , GPL17021 , Mus musculus
GSE239898 , https://www.ncbi.nlm.nih.gov/geo/query/acc.cgi?acc=GSE239898 , Expression profiling by high throughput sequencing , GPL20301 , Homo sapiens
GSE239895 , https://www.ncbi.nlm.nih.gov/geo/query/acc.cgi?acc=GSE239895 , Expression profiling by array , GPL23126 , Homo sapiens
GSE239693 , https://www.ncbi.nlm.nih.gov/geo/query/acc.cgi?acc=GSE239693 , Expression profiling by high throughput sequencing , GPL20795 , Homo sapiens
GSE235245 , https://www.ncbi.nlm.nih.gov/geo/query/acc.cgi?acc=GSE235245 , Two or more types , GPL16791 , Homo sapiens
GSE234384 , https://www.ncbi.nlm.nih.gov/geo/query/acc.cgi?acc=GSE234384 , Expression profiling by high throughput sequencing , GPL24676 , Homo sapiens
GSE233167 , https://www.ncbi.nlm.nih.gov/geo/query/acc.cgi?acc=GSE233167 , Expression profiling by high throughput sequencing , GPL20301 , Homo sapiens
GSE229575 , https://www.ncbi.nlm.nih.gov/geo/query/acc.cgi?acc=GSE229575 , Expression profiling by high throughput sequencing , GPL19057 , Mus musculus
GSE228305 , https://www.ncbi.nlm.nih.gov/geo/query/acc.cgi?acc=GSE228305 , Expression profiling by high throughput sequencing , GPL21273 , Mus musculus
GSE227672 , https://www.ncbi.nlm.nih.gov/geo/query/acc.cgi?acc=GSE227672 , Expression profiling by high throughput sequencing , GPL24676 , Homo sapiens
GSE222378 , https://www.ncbi.nlm.nih.gov/geo/query/acc.cgi?acc=GSE222378 , Expression profiling by high throughput sequencing , GPL24247 , Mus musculus
GSE218708 , https://www.ncbi.nlm.nih.gov/geo/query/acc.cgi?acc=GSE218708 , Expression profiling by high throughput sequencing , GPL24676 , Homo sapiens
GSE218493 , https://www.ncbi.nlm.nih.gov/geo/query/acc.cgi?acc=GSE218493 , Expression profiling by high throughput sequencing , GPL20795 , Homo sapiens
GSE218358 , https://www.ncbi.nlm.nih.gov/geo/query/acc.cgi?acc=GSE218358 , Expression profiling by high throughput sequencing , GPL24247 , Mus musculus
GSE218357 , https://www.ncbi.nlm.nih.gov/geo/query/acc.cgi?acc=GSE218357 , Expression profiling by high throughput sequencing , GPL24247 , Two or more organisms
GSE214566 , https://www.ncbi.nlm.nih.gov/geo/query/acc.cgi?acc=GSE214566 , Expression profiling by high throughput sequencing , GPL21697 , Homo sapiens
GSE213931 , https://www.ncbi.nlm.nih.gov/geo/query/acc.cgi?acc=GSE213931 , Expression profiling by high throughput sequencing , GPL16791 , Homo sapiens
GSE213892 , https://www.ncbi.nlm.nih.gov/geo/query/acc.cgi?acc=GSE213892 , Expression profiling by high throughput sequencing , GPL24676 , Homo sapiens
GSE213377 , https://www.ncbi.nlm.nih.gov/geo/query/acc.cgi?acc=GSE213377 , Expression profiling by high throughput sequencing , GPL21103 , Mus musculus
GSE212760 , https://www.ncbi.nlm.nih.gov/geo/query/acc.cgi?acc=GSE212760 , Expression profiling by high throughput sequencing , GPL24676 , Homo sapiens
GSE190773 , https://www.ncbi.nlm.nih.gov/geo/query/acc.cgi?acc=GSE190773 , Two or more types , Not found , Two or more organisms
GSE175690 , https://www.ncbi.nlm.nih.gov/geo/query/acc.cgi?acc=GSE175690 , Two or more types , GPL24247 , Mus musculus
GSE174179 , https://www.ncbi.nlm.nih.gov/geo/query/acc.cgi?acc=GSE174179 , Two or more types , GPL20795 , Homo sapiens
GSE160212 , https://www.ncbi.nlm.nih.gov/geo/query/acc.cgi?acc=GSE160212 , Two or more types , GPL17021 , Mus musculus
GSE160210 , https://www.ncbi.nlm.nih.gov/geo/query/acc.cgi?acc=GSE160210 , Expression profiling by high throughput sequencing , GPL21273 , Mus musculus
GSE159987 , https://www.ncbi.nlm.nih.gov/geo/query/acc.cgi?acc=GSE159987 , Expression profiling by high throughput sequencing , GPL18573 , Homo sapiens
GSE156768 , https://www.ncbi.nlm.nih.gov/geo/query/acc.cgi?acc=GSE156768 , Expression profiling by array , GPL570 , Homo sapiens
GSE241699 , https://www.ncbi.nlm.nih.gov/geo/query/acc.cgi?acc=GSE241699 , Expression profiling by high throughput sequencing , GPL24676 , Homo sapiens
GSE239351 , https://www.ncbi.nlm.nih.gov/geo/query/acc.cgi?acc=GSE239351 , Expression profiling by high throughput sequencing , GPL24676 , Homo sapiens
GSE237228 , https://www.ncbi.nlm.nih.gov/geo/query/acc.cgi?acc=GSE237228 , Two or more types , GPL18573 , Homo sapiens
GSE234980 , https://www.ncbi.nlm.nih.gov/geo/query/acc.cgi?acc=GSE234980 , Two or more types , GPL18573 , Homo sapiens
GSE234978 , https://www.ncbi.nlm.nih.gov/geo/query/acc.cgi?acc=GSE234978 , Expression profiling by array , GPL20844 , Homo sapiens
GSE229406 , https://www.ncbi.nlm.nih.gov/geo/query/acc.cgi?acc=GSE229406 , Expression profiling by high throughput sequencing , GPL24676 , Homo sapiens
GSE227326 , https://www.ncbi.nlm.nih.gov/geo/query/acc.cgi?acc=GSE227326 , Expression profiling by high throughput sequencing , GPL24247 , Mus musculus
GSE221387 , https://www.ncbi.nlm.nih.gov/geo/query/acc.cgi?acc=GSE221387 , Two or more types , GPL21697 , Homo sapiens
GSE220635 , https://www.ncbi.nlm.nih.gov/geo/query/acc.cgi?acc=GSE220635 , Two or more types , GPL19057 , Mus musculus
GSE218274 , https://www.ncbi.nlm.nih.gov/geo/query/acc.cgi?acc=GSE218274 , Two or more types , GPL24247 , Two or more organisms
GSE214140 , https://www.ncbi.nlm.nih.gov/geo/query/acc.cgi?acc=GSE214140 , Expression profiling by high throughput sequencing , GPL18573 , Homo sapiens
GSE211363 , https://www.ncbi.nlm.nih.gov/geo/query/acc.cgi?acc=GSE211363 , Expression profiling by high throughput sequencing , GPL24676 , Homo sapiens
GSE244296 , https://www.ncbi.nlm.nih.gov/geo/query/acc.cgi?acc=GSE244296 , Expression profiling by high throughput sequencing , GPL24247 , Mus musculus
GSE244072 , https://www.ncbi.nlm.nih.gov/geo/query/acc.cgi?acc=GSE244072 , Expression profiling by high throughput sequencing , GPL24247 , Mus musculus
GSE243897 , https://www.ncbi.nlm.nih.gov/geo/query/acc.cgi?acc=GSE243897 , Expression profiling by high throughput sequencing , GPL24676 , Homo sapiens
GSE241931 , https://www.ncbi.nlm.nih.gov/geo/query/acc.cgi?acc=GSE241931 , Expression profiling by high throughput sequencing , GPL24676 , Homo sapiens
GSE233498 , https://www.ncbi.nlm.nih.gov/geo/query/acc.cgi?acc=GSE233498 , Two or more types , GPL11154 , Homo sapiens
GSE232263 , https://www.ncbi.nlm.nih.gov/geo/query/acc.cgi?acc=GSE232263 , Two or more types , GPL24676 , Homo sapiens
GSE232261 , https://www.ncbi.nlm.nih.gov/geo/query/acc.cgi?acc=GSE232261 , Expression profiling by high throughput sequencing , GPL24676 , Homo sapiens
GSE230867 , https://www.ncbi.nlm.nih.gov/geo/query/acc.cgi?acc=GSE230867 , Expression profiling by high throughput sequencing , GPL17021 , Mus musculus
GSE218999 , https://www.ncbi.nlm.nih.gov/geo/query/acc.cgi?acc=GSE218999 , Expression profiling by high throughput sequencing , GPL20795 , Homo sapiens
GSE211831 , https://www.ncbi.nlm.nih.gov/geo/query/acc.cgi?acc=GSE211831 , Expression profiling by high throughput sequencing , GPL20795 , Homo sapiens
GSE206428 , https://www.ncbi.nlm.nih.gov/geo/query/acc.cgi?acc=GSE206428 , Expression profiling by high throughput sequencing , GPL18573 , Homo sapiens
GSE186607 , https://www.ncbi.nlm.nih.gov/geo/query/acc.cgi?acc=GSE186607 , Two or more types , GPL20795 , Homo sapiens
GSE186587 , https://www.ncbi.nlm.nih.gov/geo/query/acc.cgi?acc=GSE186587 , Expression profiling by high throughput sequencing , GPL20795 , Homo sapiens
GSE185695 , https://www.ncbi.nlm.nih.gov/geo/query/acc.cgi?acc=GSE185695 , Expression profiling by high throughput sequencing , GPL18573 , Homo sapiens
GSE158770 , https://www.ncbi.nlm.nih.gov/geo/query/acc.cgi?acc=GSE158770 , Expression profiling by high throughput sequencing , GPL11154 , Homo sapiens
GSE244091 , https://www.ncbi.nlm.nih.gov/geo/query/acc.cgi?acc=GSE244091 , Expression profiling by high throughput sequencing , GPL24676 , Homo sapiens
GSE244053 , https://www.ncbi.nlm.nih.gov/geo/query/acc.cgi?acc=GSE244053 , Expression profiling by high throughput sequencing , GPL18573 , Homo sapiens
GSE239457 , https://www.ncbi.nlm.nih.gov/geo/query/acc.cgi?acc=GSE239457 , Expression profiling by high throughput sequencing , GPL24247 , Mus musculus
GSE239384 , https://www.ncbi.nlm.nih.gov/geo/query/acc.cgi?acc=GSE239384 , Expression profiling by high throughput sequencing , GPL24247 , Mus musculus
GSE236653 , https://www.ncbi.nlm.nih.gov/geo/query/acc.cgi?acc=GSE236653 , Expression profiling by high throughput sequencing , GPL24676 , Homo sapiens
GSE236515 , https://www.ncbi.nlm.nih.gov/geo/query/acc.cgi?acc=GSE236515 , Expression profiling by high throughput sequencing , GPL24247 , Mus musculus
GSE236351 , https://www.ncbi.nlm.nih.gov/geo/query/acc.cgi?acc=GSE236351 , Expression profiling by high throughput sequencing , GPL18573 , Homo sapiens
GSE234179 , https://www.ncbi.nlm.nih.gov/geo/query/acc.cgi?acc=GSE234179 , Two or more types , GPL11154 , Homo sapiens
GSE234177 , https://www.ncbi.nlm.nih.gov/geo/query/acc.cgi?acc=GSE234177 , Expression profiling by high throughput sequencing , GPL11154 , Homo sapiens
GSE230807 , https://www.ncbi.nlm.nih.gov/geo/query/acc.cgi?acc=GSE230807 , Two or more types , GPL18573 , Homo sapiens
GSE230791 , https://www.ncbi.nlm.nih.gov/geo/query/acc.cgi?acc=GSE230791 , Expression profiling by high throughput sequencing , GPL18573 , Homo sapiens
GSE228301 , https://www.ncbi.nlm.nih.gov/geo/query/acc.cgi?acc=GSE228301 , Expression profiling by array , GPL570 , Homo sapiens
GSE227122 , https://www.ncbi.nlm.nih.gov/geo/query/acc.cgi?acc=GSE227122 , Expression profiling by high throughput sequencing , GPL24676 , Homo sapiens
GSE225471 , https://www.ncbi.nlm.nih.gov/geo/query/acc.cgi?acc=GSE225471 , Expression profiling by high throughput sequencing , GPL24106 , Homo sapiens
GSE225020 , https://www.ncbi.nlm.nih.gov/geo/query/acc.cgi?acc=GSE225020 , Expression profiling by high throughput sequencing , GPL24676 , Homo sapiens
GSE224992 , https://www.ncbi.nlm.nih.gov/geo/query/acc.cgi?acc=GSE224992 , Expression profiling by high throughput sequencing , GPL18573 , Two or more organisms
GSE223183 , https://www.ncbi.nlm.nih.gov/geo/query/acc.cgi?acc=GSE223183 , Two or more types , GPL30173 , Homo sapiens
GSE223181 , https://www.ncbi.nlm.nih.gov/geo/query/acc.cgi?acc=GSE223181 , Expression profiling by high throughput sequencing , GPL30173 , Homo sapiens
GSE221581 , https://www.ncbi.nlm.nih.gov/geo/query/acc.cgi?acc=GSE221581 , Expression profiling by high throughput sequencing , GPL18573 , Homo sapiens
GSE221475 , https://www.ncbi.nlm.nih.gov/geo/query/acc.cgi?acc=GSE221475 , Expression profiling by high throughput sequencing , GPL11154 , Homo sapiens
GSE221360 , https://www.ncbi.nlm.nih.gov/geo/query/acc.cgi?acc=GSE221360 , Two or more types , GPL24247 , Mus musculus
GSE221359 , https://www.ncbi.nlm.nih.gov/geo/query/acc.cgi?acc=GSE221359 , Two or more types , GPL24247 , Mus musculus
GSE221357 , https://www.ncbi.nlm.nih.gov/geo/query/acc.cgi?acc=GSE221357 , Expression profiling by high throughput sequencing , GPL24247 , Mus musculus
GSE220936 , https://www.ncbi.nlm.nih.gov/geo/query/acc.cgi?acc=GSE220936 , Expression profiling by high throughput sequencing , GPL24676 , Homo sapiens
GSE218010 , https://www.ncbi.nlm.nih.gov/geo/query/acc.cgi?acc=GSE218010 , Expression profiling by high throughput sequencing , GPL24247 , Mus musculus
GSE216137 , https://www.ncbi.nlm.nih.gov/geo/query/acc.cgi?acc=GSE216137 , Expression profiling by high throughput sequencing , GPL24676 , Homo sapiens
GSE214209 , https://www.ncbi.nlm.nih.gov/geo/query/acc.cgi?acc=GSE214209 , Expression profiling by array , GPL21185 , Homo sapiens
GSE175658 , https://www.ncbi.nlm.nih.gov/geo/query/acc.cgi?acc=GSE175658 , Two or more types , GPL17021 , Mus musculus
GSE175656 , https://www.ncbi.nlm.nih.gov/geo/query/acc.cgi?acc=GSE175656 , Expression profiling by high throughput sequencing , GPL19057 , Mus musculus
GSE243816 , https://www.ncbi.nlm.nih.gov/geo/query/acc.cgi?acc=GSE243816 , Expression profiling by high throughput sequencing , GPL24247 , Mus musculus
GSE243787 , https://www.ncbi.nlm.nih.gov/geo/query/acc.cgi?acc=GSE243787 , Expression profiling by high throughput sequencing , GPL24676 , Homo sapiens
GSE243683 , https://www.ncbi.nlm.nih.gov/geo/query/acc.cgi?acc=GSE243683 , Expression profiling by high throughput sequencing , GPL24247 , Mus musculus
GSE240307 , https://www.ncbi.nlm.nih.gov/geo/query/acc.cgi?acc=GSE240307 , Expression profiling by high throughput sequencing , GPL24676 , Homo sapiens
GSE237007 , https://www.ncbi.nlm.nih.gov/geo/query/acc.cgi?acc=GSE237007 , Expression profiling by high throughput sequencing , GPL18573 , Homo sapiens
GSE235625 , https://www.ncbi.nlm.nih.gov/geo/query/acc.cgi?acc=GSE235625 , Expression profiling by high throughput sequencing , GPL19057 , Mus musculus
GSE218625 , https://www.ncbi.nlm.nih.gov/geo/query/acc.cgi?acc=GSE218625 , Expression profiling by high throughput sequencing , GPL24676 , Homo sapiens
GSE214614 , https://www.ncbi.nlm.nih.gov/geo/query/acc.cgi?acc=GSE214614 , Expression profiling by high throughput sequencing , GPL24247 , Mus musculus
GSE214613 , https://www.ncbi.nlm.nih.gov/geo/query/acc.cgi?acc=GSE214613 , Expression profiling by high throughput sequencing , GPL24247 , Mus musculus
GSE214485 , https://www.ncbi.nlm.nih.gov/geo/query/acc.cgi?acc=GSE214485 , Expression profiling by high throughput sequencing , GPL24247 , Mus musculus
GSE210729 , https://www.ncbi.nlm.nih.gov/geo/query/acc.cgi?acc=GSE210729 , Expression profiling by high throughput sequencing , GPL28038 , Homo sapiens
GSE201512 , https://www.ncbi.nlm.nih.gov/geo/query/acc.cgi?acc=GSE201512 , Expression profiling by array , GPL16699 , Homo sapiens
GSE244082 , https://www.ncbi.nlm.nih.gov/geo/query/acc.cgi?acc=GSE244082 , Expression profiling by high throughput sequencing , GPL24676 , Homo sapiens
GSE244003 , https://www.ncbi.nlm.nih.gov/geo/query/acc.cgi?acc=GSE244003 , Two or more types , GPL11154 , Homo sapiens
GSE243990 , https://www.ncbi.nlm.nih.gov/geo/query/acc.cgi?acc=GSE243990 , Expression profiling by high throughput sequencing , GPL18573 , Homo sapiens
GSE243915 , https://www.ncbi.nlm.nih.gov/geo/query/acc.cgi?acc=GSE243915 , Two or more types , GPL24676 , Homo sapiens
GSE243914 , https://www.ncbi.nlm.nih.gov/geo/query/acc.cgi?acc=GSE243914 , Expression profiling by high throughput sequencing , GPL24676 , Homo sapiens
GSE243904 , https://www.ncbi.nlm.nih.gov/geo/query/acc.cgi?acc=GSE243904 , Expression profiling by high throughput sequencing , GPL24676 , Homo sapiens
GSE243759 , https://www.ncbi.nlm.nih.gov/geo/query/acc.cgi?acc=GSE243759 , Expression profiling by array , GPL31904 , Homo sapiens
GSE243642 , https://www.ncbi.nlm.nih.gov/geo/query/acc.cgi?acc=GSE243642 , Expression profiling by high throughput sequencing , GPL21103 , Mus musculus
GSE241834 , https://www.ncbi.nlm.nih.gov/geo/query/acc.cgi?acc=GSE241834 , Expression profiling by high throughput sequencing , GPL22790 , Homo sapiens
GSE241095 , https://www.ncbi.nlm.nih.gov/geo/query/acc.cgi?acc=GSE241095 , Expression profiling by high throughput sequencing , GPL20301 , Homo sapiens
GSE237237 , https://www.ncbi.nlm.nih.gov/geo/query/acc.cgi?acc=GSE237237 , Expression profiling by high throughput sequencing , GPL30172 , Mus musculus
GSE237236 , https://www.ncbi.nlm.nih.gov/geo/query/acc.cgi?acc=GSE237236 , Expression profiling by high throughput sequencing , GPL30172 , Mus musculus
GSE231793 , https://www.ncbi.nlm.nih.gov/geo/query/acc.cgi?acc=GSE231793 , Expression profiling by array , GPL7202 , Mus musculus
GSE231559 , https://www.ncbi.nlm.nih.gov/geo/query/acc.cgi?acc=GSE231559 , Expression profiling by high throughput sequencing , GPL18573 , Homo sapiens
GSE228585 , https://www.ncbi.nlm.nih.gov/geo/query/acc.cgi?acc=GSE228585 , Expression profiling by high throughput sequencing , GPL30172 , Mus musculus
GSE227413 , https://www.ncbi.nlm.nih.gov/geo/query/acc.cgi?acc=GSE227413 , Two or more types , GPL17021 , Mus musculus
GSE227289 , https://www.ncbi.nlm.nih.gov/geo/query/acc.cgi?acc=GSE227289 , Expression profiling by high throughput sequencing , GPL17021 , Mus musculus
GSE221277 , https://www.ncbi.nlm.nih.gov/geo/query/acc.cgi?acc=GSE221277 , Expression profiling by high throughput sequencing , GPL24247 , Mus musculus
GSE221276 , https://www.ncbi.nlm.nih.gov/geo/query/acc.cgi?acc=GSE221276 , Expression profiling by high throughput sequencing , GPL24247 , Mus musculus
GSE221275 , https://www.ncbi.nlm.nih.gov/geo/query/acc.cgi?acc=GSE221275 , Expression profiling by high throughput sequencing , GPL24247 , Mus musculus
GSE221274 , https://www.ncbi.nlm.nih.gov/geo/query/acc.cgi?acc=GSE221274 , Expression profiling by high throughput sequencing , GPL24247 , Mus musculus
GSE217498 , https://www.ncbi.nlm.nih.gov/geo/query/acc.cgi?acc=GSE217498 , Expression profiling by high throughput sequencing , GPL19057 , Mus musculus
GSE216835 , https://www.ncbi.nlm.nih.gov/geo/query/acc.cgi?acc=GSE216835 , Expression profiling by high throughput sequencing , GPL19057 , Mus musculus
GSE243717 , https://www.ncbi.nlm.nih.gov/geo/query/acc.cgi?acc=GSE243717 , Expression profiling by high throughput sequencing , GPL20301 , Homo sapiens
GSE240960 , https://www.ncbi.nlm.nih.gov/geo/query/acc.cgi?acc=GSE240960 , Expression profiling by high throughput sequencing , GPL24676 , Homo sapiens
GSE158532 , https://www.ncbi.nlm.nih.gov/geo/query/acc.cgi?acc=GSE158532 , Two or more types , GPL18573 , Homo sapiens
GSE158530 , https://www.ncbi.nlm.nih.gov/geo/query/acc.cgi?acc=GSE158530 , Expression profiling by high throughput sequencing , GPL18573 , Homo sapiens
GSE158515 , https://www.ncbi.nlm.nih.gov/geo/query/acc.cgi?acc=GSE158515 , Expression profiling by high throughput sequencing , GPL18573 , Homo sapiens
GSE243850 , https://www.ncbi.nlm.nih.gov/geo/query/acc.cgi?acc=GSE243850 , Expression profiling by high throughput sequencing , GPL18573 , Homo sapiens
GSE213992 , https://www.ncbi.nlm.nih.gov/geo/query/acc.cgi?acc=GSE213992 , Expression profiling by high throughput sequencing , GPL16791 , Homo sapiens
GSE158408 , https://www.ncbi.nlm.nih.gov/geo/query/acc.cgi?acc=GSE158408 , Expression profiling by array , GPL23159 , Homo sapiens
GSE241837 , https://www.ncbi.nlm.nih.gov/geo/query/acc.cgi?acc=GSE241837 , Expression profiling by high throughput sequencing , GPL22790 , Homo sapiens
GSE240232 , https://www.ncbi.nlm.nih.gov/geo/query/acc.cgi?acc=GSE240232 , Expression profiling by high throughput sequencing , GPL28430 , Mus musculus
GSE213981 , https://www.ncbi.nlm.nih.gov/geo/query/acc.cgi?acc=GSE213981 , Expression profiling by high throughput sequencing , GPL24676 , Homo sapiens
GSE209628 , https://www.ncbi.nlm.nih.gov/geo/query/acc.cgi?acc=GSE209628 , Expression profiling by high throughput sequencing , GPL18573 , Homo sapiens
GSE202340 , https://www.ncbi.nlm.nih.gov/geo/query/acc.cgi?acc=GSE202340 , Two or more types , GPL17021 , Two or more organisms
GSE243446 , https://www.ncbi.nlm.nih.gov/geo/query/acc.cgi?acc=GSE243446 , Expression profiling by high throughput sequencing , GPL24676 , Homo sapiens
GSE241155 , https://www.ncbi.nlm.nih.gov/geo/query/acc.cgi?acc=GSE241155 , Expression profiling by array , GPL27545 , Mus musculus
GSE241146 , https://www.ncbi.nlm.nih.gov/geo/query/acc.cgi?acc=GSE241146 , Expression profiling by array , GPL27545 , Mus musculus
GSE240002 , https://www.ncbi.nlm.nih.gov/geo/query/acc.cgi?acc=GSE240002 , Expression profiling by high throughput sequencing , GPL24676 , Homo sapiens
GSE240001 , https://www.ncbi.nlm.nih.gov/geo/query/acc.cgi?acc=GSE240001 , Expression profiling by high throughput sequencing , GPL24676 , Homo sapiens
GSE240000 , https://www.ncbi.nlm.nih.gov/geo/query/acc.cgi?acc=GSE240000 , Expression profiling by high throughput sequencing , GPL24676 , Homo sapiens
GSE234689 , https://www.ncbi.nlm.nih.gov/geo/query/acc.cgi?acc=GSE234689 , Two or more types , GPL24247 , Two or more organisms
GSE234687 , https://www.ncbi.nlm.nih.gov/geo/query/acc.cgi?acc=GSE234687 , Two or more types , GPL24247 , Two or more organisms
GSE233648 , https://www.ncbi.nlm.nih.gov/geo/query/acc.cgi?acc=GSE233648 , Expression profiling by high throughput sequencing , GPL20301 , Homo sapiens
GSE229788 , https://www.ncbi.nlm.nih.gov/geo/query/acc.cgi?acc=GSE229788 , Expression profiling by high throughput sequencing , GPL16791 , Homo sapiens
GSE229787 , https://www.ncbi.nlm.nih.gov/geo/query/acc.cgi?acc=GSE229787 , Expression profiling by high throughput sequencing , GPL20301 , Homo sapiens
GSE229786 , https://www.ncbi.nlm.nih.gov/geo/query/acc.cgi?acc=GSE229786 , Expression profiling by high throughput sequencing , GPL16791 , Homo sapiens
GSE229785 , https://www.ncbi.nlm.nih.gov/geo/query/acc.cgi?acc=GSE229785 , Expression profiling by high throughput sequencing , GPL20301 , Homo sapiens
GSE229784 , https://www.ncbi.nlm.nih.gov/geo/query/acc.cgi?acc=GSE229784 , Expression profiling by high throughput sequencing , GPL20301 , Homo sapiens
GSE222853 , https://www.ncbi.nlm.nih.gov/geo/query/acc.cgi?acc=GSE222853 , Two or more types , GPL16791 , Homo sapiens
GSE222852 , https://www.ncbi.nlm.nih.gov/geo/query/acc.cgi?acc=GSE222852 , Two or more types , GPL16791 , Homo sapiens
GSE218726 , https://www.ncbi.nlm.nih.gov/geo/query/acc.cgi?acc=GSE218726 , Two or more types , GPL16791 , Homo sapiens
GSE207298 , https://www.ncbi.nlm.nih.gov/geo/query/acc.cgi?acc=GSE207298 , Two or more types , GPL24247 , Mus musculus
GSE207295 , https://www.ncbi.nlm.nih.gov/geo/query/acc.cgi?acc=GSE207295 , Expression profiling by high throughput sequencing , GPL24247 , Mus musculus
GSE199373 , https://www.ncbi.nlm.nih.gov/geo/query/acc.cgi?acc=GSE199373 , Two or more types , GPL18573 , Homo sapiens
GSE199359 , https://www.ncbi.nlm.nih.gov/geo/query/acc.cgi?acc=GSE199359 , Expression profiling by high throughput sequencing , GPL18573 , Homo sapiens
GSE190702 , https://www.ncbi.nlm.nih.gov/geo/query/acc.cgi?acc=GSE190702 , Expression profiling by high throughput sequencing , GPL19057 , Mus musculus
GSE168875 , https://www.ncbi.nlm.nih.gov/geo/query/acc.cgi?acc=GSE168875 , Expression profiling by high throughput sequencing , GPL19057 , Mus musculus
GSE243621 , https://www.ncbi.nlm.nih.gov/geo/query/acc.cgi?acc=GSE243621 , Two or more types , GPL16791 , Homo sapiens
GSE243545 , https://www.ncbi.nlm.nih.gov/geo/query/acc.cgi?acc=GSE243545 , Expression profiling by high throughput sequencing , GPL16791 , Homo sapiens
GSE243454 , https://www.ncbi.nlm.nih.gov/geo/query/acc.cgi?acc=GSE243454 , Expression profiling by high throughput sequencing , GPL24676 , Homo sapiens
GSE243341 , https://www.ncbi.nlm.nih.gov/geo/query/acc.cgi?acc=GSE243341 , Expression profiling by high throughput sequencing , GPL24247 , Mus musculus
GSE242090 , https://www.ncbi.nlm.nih.gov/geo/query/acc.cgi?acc=GSE242090 , Two or more types , </div , Two or more organisms
GSE241831 , https://www.ncbi.nlm.nih.gov/geo/query/acc.cgi?acc=GSE241831 , Two or more types , GPL24676 , Homo sapiens
GSE241737 , https://www.ncbi.nlm.nih.gov/geo/query/acc.cgi?acc=GSE241737 , Expression profiling by high throughput sequencing , GPL16791 , Homo sapiens
GSE241736 , https://www.ncbi.nlm.nih.gov/geo/query/acc.cgi?acc=GSE241736 , Expression profiling by high throughput sequencing , GPL24247 , Mus musculus
GSE241734 , https://www.ncbi.nlm.nih.gov/geo/query/acc.cgi?acc=GSE241734 , Expression profiling by high throughput sequencing , GPL24247 , Mus musculus
GSE241733 , https://www.ncbi.nlm.nih.gov/geo/query/acc.cgi?acc=GSE241733 , Expression profiling by high throughput sequencing , GPL24676 , Homo sapiens
GSE236222 , https://www.ncbi.nlm.nih.gov/geo/query/acc.cgi?acc=GSE236222 , Expression profiling by high throughput sequencing , GPL19057 , Mus musculus
GSE236185 , https://www.ncbi.nlm.nih.gov/geo/query/acc.cgi?acc=GSE236185 , Expression profiling by high throughput sequencing , GPL19057 , Mus musculus
GSE234927 , https://www.ncbi.nlm.nih.gov/geo/query/acc.cgi?acc=GSE234927 , Expression profiling by high throughput sequencing , GPL16791 , Homo sapiens
GSE234760 , https://www.ncbi.nlm.nih.gov/geo/query/acc.cgi?acc=GSE234760 , Expression profiling by high throughput sequencing , GPL16791 , Homo sapiens
GSE233818 , https://www.ncbi.nlm.nih.gov/geo/query/acc.cgi?acc=GSE233818 , Expression profiling by high throughput sequencing , GPL24676 , Homo sapiens
GSE233209 , https://www.ncbi.nlm.nih.gov/geo/query/acc.cgi?acc=GSE233209 , Expression profiling by high throughput sequencing , GPL24676 , Homo sapiens
GSE232838 , https://www.ncbi.nlm.nih.gov/geo/query/acc.cgi?acc=GSE232838 , Expression profiling by high throughput sequencing , GPL24676 , Homo sapiens
GSE231303 , https://www.ncbi.nlm.nih.gov/geo/query/acc.cgi?acc=GSE231303 , Expression profiling by high throughput sequencing , GPL30172 , Mus musculus
GSE230583 , https://www.ncbi.nlm.nih.gov/geo/query/acc.cgi?acc=GSE230583 , Expression profiling by high throughput sequencing , GPL24247 , Mus musculus
GSE227091 , https://www.ncbi.nlm.nih.gov/geo/query/acc.cgi?acc=GSE227091 , Expression profiling by high throughput sequencing , GPL21626 , Mus musculus
GSE220992 , https://www.ncbi.nlm.nih.gov/geo/query/acc.cgi?acc=GSE220992 , Two or more types , GPL19057 , Mus musculus
GSE220991 , https://www.ncbi.nlm.nih.gov/geo/query/acc.cgi?acc=GSE220991 , Expression profiling by high throughput sequencing , GPL19057 , Mus musculus
GSE213862 , https://www.ncbi.nlm.nih.gov/geo/query/acc.cgi?acc=GSE213862 , Expression profiling by high throughput sequencing , GPL24676 , Homo sapiens
GSE213759 , https://www.ncbi.nlm.nih.gov/geo/query/acc.cgi?acc=GSE213759 , Expression profiling by high throughput sequencing , GPL20301 , Homo sapiens
GSE213590 , https://www.ncbi.nlm.nih.gov/geo/query/acc.cgi?acc=GSE213590 , Expression profiling by high throughput sequencing , GPL11154 , Homo sapiens
GSE212122 , https://www.ncbi.nlm.nih.gov/geo/query/acc.cgi?acc=GSE212122 , Expression profiling by high throughput sequencing , GPL16791 , Homo sapiens
GSE211589 , https://www.ncbi.nlm.nih.gov/geo/query/acc.cgi?acc=GSE211589 , Two or more types , GPL20301 , Homo sapiens
GSE211587 , https://www.ncbi.nlm.nih.gov/geo/query/acc.cgi?acc=GSE211587 , Expression profiling by high throughput sequencing , GPL24676 , Homo sapiens
GSE211585 , https://www.ncbi.nlm.nih.gov/geo/query/acc.cgi?acc=GSE211585 , Expression profiling by high throughput sequencing , GPL20301 , Homo sapiens
GSE208238 , https://www.ncbi.nlm.nih.gov/geo/query/acc.cgi?acc=GSE208238 , Expression profiling by high throughput sequencing , GPL28975 , Homo sapiens
GSE205771 , https://www.ncbi.nlm.nih.gov/geo/query/acc.cgi?acc=GSE205771 , Expression profiling by high throughput sequencing , GPL24676 , Homo sapiens
GSE201244 , https://www.ncbi.nlm.nih.gov/geo/query/acc.cgi?acc=GSE201244 , Expression profiling by high throughput sequencing , GPL24676 , Homo sapiens
GSE192494 , https://www.ncbi.nlm.nih.gov/geo/query/acc.cgi?acc=GSE192494 , Expression profiling by high throughput sequencing , GPL17021 , Mus musculus
GSE183946 , https://www.ncbi.nlm.nih.gov/geo/query/acc.cgi?acc=GSE183946 , Two or more types , GPL19057 , Mus musculus
GSE243361 , https://www.ncbi.nlm.nih.gov/geo/query/acc.cgi?acc=GSE243361 , Expression profiling by high throughput sequencing , GPL16791 , Homo sapiens
GSE243360 , https://www.ncbi.nlm.nih.gov/geo/query/acc.cgi?acc=GSE243360 , Expression profiling by high throughput sequencing , GPL20301 , Homo sapiens
GSE243359 , https://www.ncbi.nlm.nih.gov/geo/query/acc.cgi?acc=GSE243359 , Expression profiling by high throughput sequencing , GPL16791 , Homo sapiens
GSE243210 , https://www.ncbi.nlm.nih.gov/geo/query/acc.cgi?acc=GSE243210 , Expression profiling by high throughput sequencing , GPL21103 , Mus musculus
GSE243101 , https://www.ncbi.nlm.nih.gov/geo/query/acc.cgi?acc=GSE243101 , Expression profiling by high throughput sequencing , GPL24676 , Homo sapiens
GSE242976 , https://www.ncbi.nlm.nih.gov/geo/query/acc.cgi?acc=GSE242976 , Expression profiling by high throughput sequencing , GPL30209 , Homo sapiens
GSE237688 , https://www.ncbi.nlm.nih.gov/geo/query/acc.cgi?acc=GSE237688 , Expression profiling by high throughput sequencing , GPL24247 , Mus musculus
GSE237687 , https://www.ncbi.nlm.nih.gov/geo/query/acc.cgi?acc=GSE237687 , Expression profiling by high throughput sequencing , GPL16791 , Homo sapiens
GSE237664 , https://www.ncbi.nlm.nih.gov/geo/query/acc.cgi?acc=GSE237664 , Expression profiling by high throughput sequencing , GPL31136 , geoaxema_organismus)" Mus
GSE237658 , https://www.ncbi.nlm.nih.gov/geo/query/acc.cgi?acc=GSE237658 , Expression profiling by high throughput sequencing , GPL24676 , Homo sapiens
GSE237132 , https://www.ncbi.nlm.nih.gov/geo/query/acc.cgi?acc=GSE237132 , Two or more types , GPL15520 , Homo sapiens
GSE233595 , https://www.ncbi.nlm.nih.gov/geo/query/acc.cgi?acc=GSE233595 , Expression profiling by high throughput sequencing , GPL24676 , Homo sapiens
GSE228283 , https://www.ncbi.nlm.nih.gov/geo/query/acc.cgi?acc=GSE228283 , Expression profiling by high throughput sequencing , GPL16791 , Homo sapiens
GSE228164 , https://www.ncbi.nlm.nih.gov/geo/query/acc.cgi?acc=GSE228164 , Two or more types , GPL16417 , Mus musculus
GSE228014 , https://www.ncbi.nlm.nih.gov/geo/query/acc.cgi?acc=GSE228014 , Expression profiling by high throughput sequencing , GPL24247 , Mus musculus
GSE226904 , https://www.ncbi.nlm.nih.gov/geo/query/acc.cgi?acc=GSE226904 , Expression profiling by high throughput sequencing , GPL18573 , Homo sapiens
GSE222560 , https://www.ncbi.nlm.nih.gov/geo/query/acc.cgi?acc=GSE222560 , Expression profiling by high throughput sequencing , GPL18573 , Homo sapiens
GSE222192 , https://www.ncbi.nlm.nih.gov/geo/query/acc.cgi?acc=GSE222192 , Expression profiling by high throughput sequencing , GPL21273 , Mus musculus
GSE213397 , https://www.ncbi.nlm.nih.gov/geo/query/acc.cgi?acc=GSE213397 , Two or more types , GPL11154 , Homo sapiens
GSE213387 , https://www.ncbi.nlm.nih.gov/geo/query/acc.cgi?acc=GSE213387 , Expression profiling by high throughput sequencing , GPL20301 , Homo sapiens
GSE210972 , https://www.ncbi.nlm.nih.gov/geo/query/acc.cgi?acc=GSE210972 , Expression profiling by high throughput sequencing , GPL24676 , Homo sapiens
GSE208634 , https://www.ncbi.nlm.nih.gov/geo/query/acc.cgi?acc=GSE208634 , Expression profiling by high throughput sequencing , GPL24676 , Homo sapiens
GSE243175 , https://www.ncbi.nlm.nih.gov/geo/query/acc.cgi?acc=GSE243175 , Expression profiling by high throughput sequencing , GPL18573 , Homo sapiens
GSE243093 , https://www.ncbi.nlm.nih.gov/geo/query/acc.cgi?acc=GSE243093 , Expression profiling by high throughput sequencing , GPL24247 , Mus musculus
GSE242542 , https://www.ncbi.nlm.nih.gov/geo/query/acc.cgi?acc=GSE242542 , Expression profiling by high throughput sequencing , GPL19057 , Mus musculus
GSE242151 , https://www.ncbi.nlm.nih.gov/geo/query/acc.cgi?acc=GSE242151 , Expression profiling by high throughput sequencing , GPL24676 , Homo sapiens
GSE239585 , https://www.ncbi.nlm.nih.gov/geo/query/acc.cgi?acc=GSE239585 , Expression profiling by high throughput sequencing , GPL24676 , Homo sapiens
GSE235902 , https://www.ncbi.nlm.nih.gov/geo/query/acc.cgi?acc=GSE235902 , Two or more types , GPL21697 , Homo sapiens
GSE226765 , https://www.ncbi.nlm.nih.gov/geo/query/acc.cgi?acc=GSE226765 , Expression profiling by high throughput sequencing , GPL24676 , Homo sapiens
GSE223327 , https://www.ncbi.nlm.nih.gov/geo/query/acc.cgi?acc=GSE223327 , Two or more types , GPL18573 , Homo sapiens
GSE223205 , https://www.ncbi.nlm.nih.gov/geo/query/acc.cgi?acc=GSE223205 , Expression profiling by high throughput sequencing , GPL30172 , Mus musculus
GSE215757 , https://www.ncbi.nlm.nih.gov/geo/query/acc.cgi?acc=GSE215757 , Expression profiling by high throughput sequencing , GPL24676 , Homo sapiens
GSE197495 , https://www.ncbi.nlm.nih.gov/geo/query/acc.cgi?acc=GSE197495 , Two or more types , GPL18573 , Homo sapiens
GSE183943 , https://www.ncbi.nlm.nih.gov/geo/query/acc.cgi?acc=GSE183943 , Expression profiling by high throughput sequencing , GPL24247 , Mus musculus
GSE183562 , https://www.ncbi.nlm.nih.gov/geo/query/acc.cgi?acc=GSE183562 , Expression profiling by high throughput sequencing , GPL23479 , Mus musculus
GSE181777 , https://www.ncbi.nlm.nih.gov/geo/query/acc.cgi?acc=GSE181777 , Two or more types , GPL11154 , Homo sapiens
GSE243258 , https://www.ncbi.nlm.nih.gov/geo/query/acc.cgi?acc=GSE243258 , Expression profiling by high throughput sequencing , GPL28457 , Mus musculus
GSE243245 , https://www.ncbi.nlm.nih.gov/geo/query/acc.cgi?acc=GSE243245 , Expression profiling by high throughput sequencing , GPL20795 , Homo sapiens
GSE243244 , https://www.ncbi.nlm.nih.gov/geo/query/acc.cgi?acc=GSE243244 , Two or more types , GPL24247 , Mus musculus
GSE243108 , https://www.ncbi.nlm.nih.gov/geo/query/acc.cgi?acc=GSE243108 , Expression profiling by high throughput sequencing , GPL24676 , Homo sapiens
GSE242989 , https://www.ncbi.nlm.nih.gov/geo/query/acc.cgi?acc=GSE242989 , Expression profiling by high throughput sequencing , GPL21273 , Mus musculus
GSE239588 , https://www.ncbi.nlm.nih.gov/geo/query/acc.cgi?acc=GSE239588 , Two or more types , GPL24676 , Homo sapiens
GSE236803 , https://www.ncbi.nlm.nih.gov/geo/query/acc.cgi?acc=GSE236803 , Two or more types , GPL24676 , Homo sapiens
GSE241970 , https://www.ncbi.nlm.nih.gov/geo/query/acc.cgi?acc=GSE241970 , Expression profiling by high throughput sequencing , GPL24676 , Homo sapiens
GSE241640 , https://www.ncbi.nlm.nih.gov/geo/query/acc.cgi?acc=GSE241640 , Expression profiling by high throughput sequencing , GPL21103 , Mus musculus
GSE242812 , https://www.ncbi.nlm.nih.gov/geo/query/acc.cgi?acc=GSE242812 , Expression profiling by high throughput sequencing , GPL24247 , Mus musculus
GSE241108 , https://www.ncbi.nlm.nih.gov/geo/query/acc.cgi?acc=GSE241108 , Expression profiling by high throughput sequencing , GPL24676 , Homo sapiens
GSE240984 , https://www.ncbi.nlm.nih.gov/geo/query/acc.cgi?acc=GSE240984 , Two or more types , GPL24676 , Homo sapiens
GSE236735 , https://www.ncbi.nlm.nih.gov/geo/query/acc.cgi?acc=GSE236735 , Expression profiling by high throughput sequencing , GPL24676 , Homo sapiens
GSE232389 , https://www.ncbi.nlm.nih.gov/geo/query/acc.cgi?acc=GSE232389 , Two or more types , GPL21697 , Homo sapiens
GSE232175 , https://www.ncbi.nlm.nih.gov/geo/query/acc.cgi?acc=GSE232175 , Expression profiling by high throughput sequencing , GPL21697 , Homo sapiens
GSE229559 , https://www.ncbi.nlm.nih.gov/geo/query/acc.cgi?acc=GSE229559 , Expression profiling by high throughput sequencing , GPL24247 , Mus musculus
GSE228474 , https://www.ncbi.nlm.nih.gov/geo/query/acc.cgi?acc=GSE228474 , Two or more types , GPL18573 , Homo sapiens
GSE227999 , https://www.ncbi.nlm.nih.gov/geo/query/acc.cgi?acc=GSE227999 , Two or more types , GPL18573 , Homo sapiens
GSE227982 , https://www.ncbi.nlm.nih.gov/geo/query/acc.cgi?acc=GSE227982 , Expression profiling by high throughput sequencing , GPL18573 , Homo sapiens
GSE227026 , https://www.ncbi.nlm.nih.gov/geo/query/acc.cgi?acc=GSE227026 , Expression profiling by high throughput sequencing , GPL21103 , Mus musculus
GSE224155 , https://www.ncbi.nlm.nih.gov/geo/query/acc.cgi?acc=GSE224155 , Expression profiling by high throughput sequencing , GPL24676 , Homo sapiens
GSE223795 , https://www.ncbi.nlm.nih.gov/geo/query/acc.cgi?acc=GSE223795 , Expression profiling by high throughput sequencing , GPL16791 , Homo sapiens
GSE216784 , https://www.ncbi.nlm.nih.gov/geo/query/acc.cgi?acc=GSE216784 , Two or more types , GPL20301 , Homo sapiens
GSE216783 , https://www.ncbi.nlm.nih.gov/geo/query/acc.cgi?acc=GSE216783 , Expression profiling by high throughput sequencing , GPL24676 , Homo sapiens
GSE216781 , https://www.ncbi.nlm.nih.gov/geo/query/acc.cgi?acc=GSE216781 , Expression profiling by high throughput sequencing , GPL20301 , Homo sapiens
GSE215765 , https://www.ncbi.nlm.nih.gov/geo/query/acc.cgi?acc=GSE215765 , Two or more types , GPL20301 , Homo sapiens
GSE211812 , https://www.ncbi.nlm.nih.gov/geo/query/acc.cgi?acc=GSE211812 , Expression profiling by high throughput sequencing , GPL24676 , Homo sapiens
GSE210608 , https://www.ncbi.nlm.nih.gov/geo/query/acc.cgi?acc=GSE210608 , Two or more types , GPL16791 , Homo sapiens
GSE210607 , https://www.ncbi.nlm.nih.gov/geo/query/acc.cgi?acc=GSE210607 , Expression profiling by high throughput sequencing , GPL16791 , Homo sapiens
GSE208102 , https://www.ncbi.nlm.nih.gov/geo/query/acc.cgi?acc=GSE208102 , Expression profiling by array , GPL23126 , Homo sapiens
GSE208101 , https://www.ncbi.nlm.nih.gov/geo/query/acc.cgi?acc=GSE208101 , Expression profiling by array , GPL23126 , Homo sapiens
GSE207847 , https://www.ncbi.nlm.nih.gov/geo/query/acc.cgi?acc=GSE207847 , Expression profiling by array , GPL23126 , Homo sapiens
GSE158019 , https://www.ncbi.nlm.nih.gov/geo/query/acc.cgi?acc=GSE158019 , Expression profiling by high throughput sequencing , GPL18573 , Homo sapiens
GSE143308 , https://www.ncbi.nlm.nih.gov/geo/query/acc.cgi?acc=GSE143308 , Expression profiling by high throughput sequencing , GPL19057 , Mus musculus
GSE242789 , https://www.ncbi.nlm.nih.gov/geo/query/acc.cgi?acc=GSE242789 , Expression profiling by high throughput sequencing , GPL24247 , Mus musculus
GSE240985 , https://www.ncbi.nlm.nih.gov/geo/query/acc.cgi?acc=GSE240985 , Two or more types , GPL11154 , Homo sapiens
GSE240231 , https://www.ncbi.nlm.nih.gov/geo/query/acc.cgi?acc=GSE240231 , Expression profiling by high throughput sequencing , GPL24247 , Mus musculus
GSE237029 , https://www.ncbi.nlm.nih.gov/geo/query/acc.cgi?acc=GSE237029 , Expression profiling by array , GPL570 , Homo sapiens
GSE234513 , https://www.ncbi.nlm.nih.gov/geo/query/acc.cgi?acc=GSE234513 , Expression profiling by high throughput sequencing , GPL16791 , Homo sapiens
GSE232822 , https://www.ncbi.nlm.nih.gov/geo/query/acc.cgi?acc=GSE232822 , Expression profiling by high throughput sequencing , GPL24676 , Homo sapiens
GSE232821 , https://www.ncbi.nlm.nih.gov/geo/query/acc.cgi?acc=GSE232821 , Expression profiling by high throughput sequencing , GPL24676 , Homo sapiens
GSE232818 , https://www.ncbi.nlm.nih.gov/geo/query/acc.cgi?acc=GSE232818 , Expression profiling by high throughput sequencing , GPL24676 , Homo sapiens
GSE232817 , https://www.ncbi.nlm.nih.gov/geo/query/acc.cgi?acc=GSE232817 , Expression profiling by high throughput sequencing , GPL24676 , Homo sapiens
GSE230453 , https://www.ncbi.nlm.nih.gov/geo/query/acc.cgi?acc=GSE230453 , Expression profiling by high throughput sequencing , GPL21697 , Homo sapiens
GSE229014 , https://www.ncbi.nlm.nih.gov/geo/query/acc.cgi?acc=GSE229014 , Expression profiling by high throughput sequencing , GPL16791 , Homo sapiens
GSE225068 , https://www.ncbi.nlm.nih.gov/geo/query/acc.cgi?acc=GSE225068 , Expression profiling by high throughput sequencing , GPL30173 , Homo sapiens
GSE225005 , https://www.ncbi.nlm.nih.gov/geo/query/acc.cgi?acc=GSE225005 , Expression profiling by array , GPL23159 , Homo sapiens
GSE224045 , https://www.ncbi.nlm.nih.gov/geo/query/acc.cgi?acc=GSE224045 , Two or more types , GPL18573 , Homo sapiens
GSE220166 , https://www.ncbi.nlm.nih.gov/geo/query/acc.cgi?acc=GSE220166 , Two or more types , GPL24676 , Homo sapiens
GSE217378 , https://www.ncbi.nlm.nih.gov/geo/query/acc.cgi?acc=GSE217378 , Two or more types , GPL21103 , Mus musculus
GSE216346 , https://www.ncbi.nlm.nih.gov/geo/query/acc.cgi?acc=GSE216346 , Two or more types , GPL18573 , Homo sapiens
GSE216345 , https://www.ncbi.nlm.nih.gov/geo/query/acc.cgi?acc=GSE216345 , Expression profiling by high throughput sequencing , GPL18573 , Homo sapiens
GSE215994 , https://www.ncbi.nlm.nih.gov/geo/query/acc.cgi?acc=GSE215994 , Expression profiling by high throughput sequencing , GPL24676 , Homo sapiens
GSE214432 , https://www.ncbi.nlm.nih.gov/geo/query/acc.cgi?acc=GSE214432 , Expression profiling by high throughput sequencing , GPL18573 , Homo sapiens
GSE205293 , https://www.ncbi.nlm.nih.gov/geo/query/acc.cgi?acc=GSE205293 , Two or more types , GPL29480 , Homo sapiens
GSE205281 , https://www.ncbi.nlm.nih.gov/geo/query/acc.cgi?acc=GSE205281 , Expression profiling by high throughput sequencing , GPL29480 , Homo sapiens
GSE202723 , https://www.ncbi.nlm.nih.gov/geo/query/acc.cgi?acc=GSE202723 , Two or more types , GPL24676 , Homo sapiens
GSE201771 , https://www.ncbi.nlm.nih.gov/geo/query/acc.cgi?acc=GSE201771 , Two or more types , GPL16791 , Homo sapiens
GSE201770 , https://www.ncbi.nlm.nih.gov/geo/query/acc.cgi?acc=GSE201770 , Expression profiling by high throughput sequencing , GPL16791 , Homo sapiens
GSE155527 , https://www.ncbi.nlm.nih.gov/geo/query/acc.cgi?acc=GSE155527 , Expression profiling by high throughput sequencing , GPL24676 , Homo sapiens
GSE242782 , https://www.ncbi.nlm.nih.gov/geo/query/acc.cgi?acc=GSE242782 , Expression profiling by high throughput sequencing , GPL24676 , Homo sapiens
GSE242700 , https://www.ncbi.nlm.nih.gov/geo/query/acc.cgi?acc=GSE242700 , Expression profiling by high throughput sequencing , GPL26853 , Gallus gallus
GSE242538 , https://www.ncbi.nlm.nih.gov/geo/query/acc.cgi?acc=GSE242538 , Expression profiling by high throughput sequencing , GPL24247 , Mus musculus
GSE239960 , https://www.ncbi.nlm.nih.gov/geo/query/acc.cgi?acc=GSE239960 , Expression profiling by high throughput sequencing , GPL18573 , Homo sapiens
GSE234803 , https://www.ncbi.nlm.nih.gov/geo/query/acc.cgi?acc=GSE234803 , Expression profiling by high throughput sequencing , GPL16417 , Two or more organisms
GSE234801 , https://www.ncbi.nlm.nih.gov/geo/query/acc.cgi?acc=GSE234801 , Expression profiling by high throughput sequencing , GPL16417 , Mus musculus
GSE234800 , https://www.ncbi.nlm.nih.gov/geo/query/acc.cgi?acc=GSE234800 , Expression profiling by high throughput sequencing , GPL24676 , Homo sapiens
GSE234728 , https://www.ncbi.nlm.nih.gov/geo/query/acc.cgi?acc=GSE234728 , Two or more types , GPL17021 , Mus musculus
GSE234725 , https://www.ncbi.nlm.nih.gov/geo/query/acc.cgi?acc=GSE234725 , Expression profiling by high throughput sequencing , GPL17021 , Mus musculus
GSE234517 , https://www.ncbi.nlm.nih.gov/geo/query/acc.cgi?acc=GSE234517 , Two or more types , GPL24247 , Mus musculus
GSE234220 , https://www.ncbi.nlm.nih.gov/geo/query/acc.cgi?acc=GSE234220 , Expression profiling by array , GPL16699 , Homo sapiens
GSE233796 , https://www.ncbi.nlm.nih.gov/geo/query/acc.cgi?acc=GSE233796 , Two or more types , GPL18573 , Two or more organisms
GSE233383 , https://www.ncbi.nlm.nih.gov/geo/query/acc.cgi?acc=GSE233383 , Expression profiling by high throughput sequencing , GPL24247 , Two or more organisms
GSE225375 , https://www.ncbi.nlm.nih.gov/geo/query/acc.cgi?acc=GSE225375 , Expression profiling by high throughput sequencing , GPL24676 , Homo sapiens
GSE224988 , https://www.ncbi.nlm.nih.gov/geo/query/acc.cgi?acc=GSE224988 , Expression profiling by high throughput sequencing , GPL16791 , Homo sapiens
GSE224546 , https://www.ncbi.nlm.nih.gov/geo/query/acc.cgi?acc=GSE224546 , Expression profiling by high throughput sequencing , GPL20301 , Homo sapiens
GSE224317 , https://www.ncbi.nlm.nih.gov/geo/query/acc.cgi?acc=GSE224317 , Expression profiling by high throughput sequencing , GPL24676 , Homo sapiens
GSE224266 , https://www.ncbi.nlm.nih.gov/geo/query/acc.cgi?acc=GSE224266 , Expression profiling by high throughput sequencing , GPL16791 , Homo sapiens
GSE224106 , https://www.ncbi.nlm.nih.gov/geo/query/acc.cgi?acc=GSE224106 , Expression profiling by high throughput sequencing , GPL24676 , Homo sapiens
GSE222207 , https://www.ncbi.nlm.nih.gov/geo/query/acc.cgi?acc=GSE222207 , Expression profiling by high throughput sequencing , GPL28038 , Homo sapiens
GSE217190 , https://www.ncbi.nlm.nih.gov/geo/query/acc.cgi?acc=GSE217190 , Expression profiling by high throughput sequencing , GPL21290 , Homo sapiens
GSE216928 , https://www.ncbi.nlm.nih.gov/geo/query/acc.cgi?acc=GSE216928 , Expression profiling by high throughput sequencing , GPL21273 , Mus musculus
GSE216425 , https://www.ncbi.nlm.nih.gov/geo/query/acc.cgi?acc=GSE216425 , Expression profiling by high throughput sequencing , GPL19057 , Mus musculus
GSE215980 , https://www.ncbi.nlm.nih.gov/geo/query/acc.cgi?acc=GSE215980 , Expression profiling by high throughput sequencing , GPL24247 , Mus musculus
GSE214294 , https://www.ncbi.nlm.nih.gov/geo/query/acc.cgi?acc=GSE214294 , Expression profiling by high throughput sequencing , GPL21103 , Mus musculus
GSE213306 , https://www.ncbi.nlm.nih.gov/geo/query/acc.cgi?acc=GSE213306 , Two or more types , GPL24676 , Homo sapiens
GSE213038 , https://www.ncbi.nlm.nih.gov/geo/query/acc.cgi?acc=GSE213038 , Expression profiling by high throughput sequencing , GPL24676 , Homo sapiens
GSE212759 , https://www.ncbi.nlm.nih.gov/geo/query/acc.cgi?acc=GSE212759 , Expression profiling by high throughput sequencing , GPL23934 , Homo sapiens
GSE212209 , https://www.ncbi.nlm.nih.gov/geo/query/acc.cgi?acc=GSE212209 , Expression profiling by high throughput sequencing , GPL24676 , Homo sapiens
GSE211214 , https://www.ncbi.nlm.nih.gov/geo/query/acc.cgi?acc=GSE211214 , Two or more types , GPL18573 , Two or more organisms
GSE211213 , https://www.ncbi.nlm.nih.gov/geo/query/acc.cgi?acc=GSE211213 , Expression profiling by high throughput sequencing , GPL18573 , Two or more organisms
GSE210803 , https://www.ncbi.nlm.nih.gov/geo/query/acc.cgi?acc=GSE210803 , Expression profiling by high throughput sequencing , GPL20301 , Homo sapiens
GSE209570 , https://www.ncbi.nlm.nih.gov/geo/query/acc.cgi?acc=GSE209570 , Expression profiling by high throughput sequencing , GPL30173 , Homo sapiens
GSE242998 , https://www.ncbi.nlm.nih.gov/geo/query/acc.cgi?acc=GSE242998 , Expression profiling by high throughput sequencing , GPL24247 , Mus musculus
GSE242889 , https://www.ncbi.nlm.nih.gov/geo/query/acc.cgi?acc=GSE242889 , Expression profiling by high throughput sequencing , GPL24676 , Homo sapiens
GSE242790 , https://www.ncbi.nlm.nih.gov/geo/query/acc.cgi?acc=GSE242790 , Two or more types , GPL24676 , Homo sapiens
GSE242756 , https://www.ncbi.nlm.nih.gov/geo/query/acc.cgi?acc=GSE242756 , Two or more types , GPL18573 , Homo sapiens
GSE242690 , https://www.ncbi.nlm.nih.gov/geo/query/acc.cgi?acc=GSE242690 , Expression profiling by high throughput sequencing , GPL18573 , Homo sapiens
GSE242689 , https://www.ncbi.nlm.nih.gov/geo/query/acc.cgi?acc=GSE242689 , Expression profiling by high throughput sequencing , GPL33053 , lupus familiaris
GSE242662 , https://www.ncbi.nlm.nih.gov/geo/query/acc.cgi?acc=GSE242662 , Expression profiling by high throughput sequencing , GPL24247 , Mus musculus
